<?xml version="1.0" encoding="UTF-8"?>
<project-private xmlns="http://www.netbeans.org/ns/project-private/1">
    <editor-bookmarks xmlns="http://www.netbeans.org/ns/editor-bookmarks/2" lastBookmarkId="0"/>
    <open-files xmlns="http://www.netbeans.org/ns/projectui-open-files/2">
        <group>
            <file>file:/C:/Users/Daniele/Desktop/Trabalho%2022.06%20inserindo%20imagem/Trabalho/src/view/jResumoJogo.java</file>
            <file>file:/C:/Users/Daniele/Desktop/Trabalho%2022.06%20inserindo%20imagem/Trabalho/src/view/Login.java</file>
            <file>file:/C:/Users/Daniele/Desktop/Trabalho%2022.06%20inserindo%20imagem/Trabalho/src/controller/DBFuncionalidades.java</file>
            <file>file:/C:/Users/Daniele/Desktop/Trabalho%2022.06%20inserindo%20imagem/Trabalho/src/view/jTabelas.java</file>
        </group>
    </open-files>
</project-private>
